method,0
linear,1.838095238095238
power,2.066666666666667
log,2.0952380952380953
